"Longitude","Latitude"
-92.02361,42.150169
-95.770748,39.851532
-97.157428,49.817446
-92.768452,44.526463
-85.628764,42.242359
-97.95035,50.380923
-89.122302,40.85059
-90.381369,42.489327
-74.604347,45.103371
-88.690602,42.559705
-80.735322,43.122892
-92.223948,42.355437
-90.487387,44.726949
-92.867511,44.034808
-91.68985,41.314606
-93.721026,42.097245
-96.005578,40.410758
-80.473322,42.698667
-88.526796,44.029141
-87.712492,42.042727
-93.063325,41.516997
-88.616201,44.182274
-90.427818,42.69147
-81.818872,42.644237
-90.591308,41.698068
-92.954178,42.022916
-92.4822,41.435021
-79.390941,39.426949
-93.527286,44.797396
-89.828886,42.392216
-90.27105,42.24457
-88.472358,42.725161
-92.313063,43.617808
-88.643045,41.773615
-92.659646,44.930759
-95.441418,39.637363
-96.278519,43.736756
-93.360331,44.733531
-92.793395,45.035749
-93.72879,43.747915
-92.934047,43.570537
-93.341462,45.098551
-96.515346,47.299688
-94.013733,44.076545
-87.714302,42.619596
-92.557988,44.130496
-93.275071,45.223416
-88.623413,43.107206
-91.586268,43.766799
-94.002422,45.257708
-95.371035,45.882312
-93.798538,44.495833
-96.589999,47.785494
-91.774253,41.980738
-93.768654,44.718197
-93.583892,44.641392
-93.281617,44.290163
-87.54612,44.588662
-89.067039,42.834433
-93.096192,45.014452
-91.445828,43.77675
-95.920555,44.343009
-91.963691,41.007606
-93.297456,45.868647
-88.310182,41.821831
-89.433746,42.910492
-90.732183,41.40195
-80.805749,43.385663
-88.61399,40.746649
-60.272129,46.272985
-89.635429,42.375683
-84.455115,41.583965
-94.908723,45.032005
-74.592072,45.668324
-94.113044,43.658517
-96.802461,46.891739
-89.043549,43.345909
-92.821238,44.797748
-94.978033,44.575764
-94.111914,44.16375
-73.461655,45.046478
-94.946022,45.725087
-89.859904,43.339023
-88.906109,43.08495
-93.170536,44.706536
-93.755157,44.901447
-93.378128,44.434955
-88.285387,42.794624
-88.618759,42.412712
-89.748542,40.734172
-91.729843,43.602149
-88.156905,41.528605
-94.544855,44.776739
-95.641133,45.124923
-83.649714,40.624904
-88.425217,42.042931
-73.057122,44.225625
-96.798828,46.774929
-94.006966,44.328297
-96.058638,46.604508
-94.13764,45.247111
-74.76963,45.384178
-96.109444,45.19592
-88.414383,44.41948
-92.054972,43.513981
-72.401326,43.54061
-85.471111,32.032127
-89.202,42.084
-88.309937,43.007969
-88.802238,42.373608
-88.431137,41.531189
-99.946274,49.846331
-69.865786,47.568191
-80.590897,43.612683
-75.341195,45.05555
-90.91721,40.995874
-87.80292,43.674063
-91.350227,41.381001
-89.043345,42.346619
-93.478783,41.585483
-89.100375,42.966933
-96.466486,46.865449
-88.1218,43.403297
-89.067314,42.717328
-90.154929,43.867431
-90.079536,44.696547
-96.312812,43.998582
-93.873434,44.820779
-94.460519,45.735595
-94.231831,45.659189
-87.816116,43.964611
-75.108449,45.59892
-89.307384,42.782865
-94.118458,45.505682
-87.857497,43.40429
-74.61849,40.029835
-64.363307,45.893917
-88.648112,44.089458
-88.013245,42.662678
-88.051872,41.589408
-87.828986,42.674908
-93.625412,41.502937
-97.939117,49.18022
-97.06856,44.351343
-83.907698,40.819637
-97.091949,40.880169
-94.730922,44.449408
-86.363991,40.836258
-89.377892,41.989289
-92.351273,42.722584
-91.58635,41.788086
-91.308725,41.66428
-96.517503,43.687847
-93.597419,42.769226
-96.6783,40.900695
-89.201913,41.883399
-97.270215,37.74336
-89.322187,41.90559
-98.721655,44.542622
-83.68313,41.23594
-88.505029,41.801352
-98.070511,43.954614
-96.684588,40.796875
-95.958023,44.239373
-95.781952,44.428112
-91.582583,43.643433
-83.647714,41.36915
-83.50408,40.674488
-94.391363,45.593653
-86.884055,40.287327
-92.813858,45.280967
-87.918701,42.897942
-88.179762,43.599975
-87.943284,43.667032
-83.324178,40.102997
-88.651361,44.335952
-92.979883,41.710461
-90.667305,41.075672
-88.464972,41.444625
-89.731093,44.46136
-83.811203,41.982513
-75.731639,45.220991
-90.812204,38.472733
-63.61918,46.225789
-92.653242,44.067625
-91.576093,41.616142
-98.008367,43.706556
-96.572764,40.552153
-80.522462,43.519416
-88.040119,43.792932
-97.401887,42.905645
-88.307922,41.618458
-88.408063,44.259161
-83.186994,41.627513
-88.501595,43.31425
-89.623313,42.496037
-86.034778,37.93376
-85.533016,38.266737
-88.652233,37.035717
-82.922288,38.545665
-84.580929,37.87203
-83.800455,41.513718
-93.512667,44.990391
-89.46266,43.024165
-92.531258,44.018106
-93.193581,43.187997
-96.213733,41.199763
-95.314098,38.915257
-96.313659,41.024539
-89.928315,40.67408
-88.283311,44.105544
-73.257,44.551
-73.223753,45.96862
-89.583426,43.364512
-89.010308,40.737644
-97.168766,49.948565
-79.154176,43.813314
-80.636405,43.444053
-79.369965,43.146465
-81.96638,42.546258
-87.573152,37.795842
-83.677619,37.413751
-83.258893,37.922281
-87.941264,37.685623
-85.905519,37.601728
-87.107826,37.719824
-84.727866,38.960254
-85.691053,37.539268
-98.222183,45.870331
-99.07857,40.716481
-88.311659,42.42315
-88.863755,42.079779
-77.461766,44.149895
-82.388253,42.592645
-75.620681,45.317533
-71.886461,46.688457
-80.616891,43.333694
-80.976952,43.359159
-79.48597,44.051251
-75.601902,45.148269
-75.13818,45.360071
-78.492851,37.911108
-91.826044,41.877967
-81.59762,41.507187
-93.988039,41.661356
-74.461621,42.673438
-93.790222,41.619892
-93.757387,41.92287
-83.110861,40.031219
-96.932695,40.932083
-88.56285,40.434251
-73.895241,40.889951
-88.932242,40.530944
-89.78056,40.831408
-88.858817,42.928915
-82.90173,42.832958
-87.983573,42.100118
-90.420463,41.500438
-91.081246,43.89913
-82.980961,40.80073
-88.251598,42.015543
-83.529098,40.059362
-89.331305,41.236865
-88.068977,44.443657
-88.522704,42.872266
-89.206195,43.362195
-82.78122,41.023292
-83.807752,39.482573
-93.238302,45.451788
-89.121091,42.451514
-88.705578,41.349288
-92.577128,44.70249
-88.410215,42.818696
-89.549488,41.183462
-89.203202,42.213842
-89.780006,42.254604
-88.328195,42.165404
-79.93132,40.906447
-90.618063,40.558219
-85.775032,40.421211
-89.109772,40.359628
-88.341381,43.15185
-90.713967,40.502013
-97.207217,37.189789
-89.577038,42.002835
-95.382967,44.764149
-91.867517,41.545538
-97.459772,43.451883
-90.826462,40.821446
-96.134436,41.279159
-81.332732,42.689285
-88.941587,41.54863
-75.399075,44.777412
-92.17428,44.118647
-75.3505,45.262873
-79.866017,43.246179
-73.700978,43.269919
-90.370178,40.943665
-96.228627,41.777092
-88.334179,43.804724
-97.01039,42.774117
-93.05402,44.080433
-89.307778,43.172303
-92.464278,42.501721
-89.228455,42.92804
-83.679542,39.958763
-93.460382,45.189428
-64.253795,45.729679
-63.195174,46.405541
-73.810474,45.632271
-69.84678,44.423591
-64.771415,45.469352
-70.524527,44.374241
-74.128631,45.397654
-95.484227,45.137762
-69.514811,44.840578
-69.634606,44.40065
-83.094397,40.728222
-96.79403,40.855362
-97.38813,40.288778
-91.196595,43.790317
-93.589797,42.149807
-94.797634,38.991955
-82.614403,41.179188
-73.814267,43.513926
-95.503958,41.549447
-86.24971,41.690262
-95.902752,45.588713
-97.117722,44.915
-95.575375,43.62564
-93.876057,42.04652
-90.118908,40.822384
-74.049043,45.714573
-96.808722,41.305378
-74.858833,45.035389
-96.158386,41.551279
-97.030809,49.912354
-75.460288,45.164206
-96.1033,41.4341
-76.758202,42.443508
-79.774874,43.13352
-73.146057,45.542315
-91.43567,41.643047
-91.554017,42.010575
-93.62265,41.841817
-93.039067,42.096878
-91.413304,41.750521
-72.150964,45.262545
-64.346917,45.502412
-96.754305,40.9978
-80.857858,43.054718
-90.569328,41.544945
-71.846175,41.950111
-95.315323,40.20245
-93.954726,41.53667
-76.529583,44.233592
-73.510477,45.680253
-91.685683,41.88755
-80.290557,43.298236
-72.036287,45.162767
-90.691129,41.521633
-93.575797,45.294962
-92.087613,41.434801
-73.754362,45.385563
-94.732568,43.661857
-72.494816,46.18008
-90.98886,41.410653
-91.491606,45.10363
-88.290583,43.921681
-98.547081,45.646973
-100.999979,46.92209
-81.853963,42.284863
-88.541617,43.483806
-90.181694,41.341543
-75.060833,42.469722
-93.181637,44.944205
-73.607233,45.59561
-94.122299,43.262285
-89.442822,43.233366
-92.789174,44.936756
-93.651943,42.626904
-94.460205,41.294308
-96.645837,40.687922
-95.912726,40.835978
-92.236008,41.959625
-91.53282,42.600914
-93.268574,41.557345
-71.84693,45.364344
-96.56202,40.846033
-96.263004,45.053851
-92.943822,44.827745
-96.788221,44.029722
-63.768076,46.410978
-86.775375,40.432863
-95.519325,45.533255
-93.614081,41.597637
-92.70673,41.462829
-92.827326,41.251446
-80.42215,43.422055
-69.999557,47.452282
-89.067997,41.376556
-92.536586,45.123021
-92.29969,42.276855
-98.616358,43.709566
-71.342302,46.710287
-75.908347,39.880067
-100.638895,46.624987
-83.222205,41.41157
-89.171037,42.312642
-81.879667,42.439537
-93.208104,44.38743
-73.237479,44.908713
-63.776851,46.258286
-86.737794,41.59383
-96.743263,47.030964
-93.394775,41.679962
-65.202452,45.757855
-96.580856,44.8665
-72.943604,44.89734
-89.320908,43.077245
-72.892467,45.819493
-73.988879,45.559289
-89.051549,43.697718
-95.902917,36.22453
-93.737862,44.602386
-94.328071,41.5765
-88.109612,44.591012
-74.095264,45.111257
-94.521336,44.326458
-81.235345,42.936504
-91.877022,41.76502
-88.471703,42.127586
-91.253617,43.174233
-92.08178,43.32703
-96.56329,45.457812
-95.698146,44.263831
-96.188541,40.372169
-73.230656,45.63595
-74.525955,45.233108
-93.056205,44.393855
-88.379635,42.631571
-97.89833,42.455725
-96.672001,46.920505
-93.158621,43.920837
-95.643325,39.942394
-73.296589,45.45542
-93.063878,43.187967
-93.334372,44.891555
-88.155836,42.771115
-73.227728,41.499021
-90.115673,41.202478
-88.353499,42.338227
-88.535372,42.582299
-87.85942,42.572053
-96.81382,44.660103
-79.96764,44.224498
-79.988594,43.218341
-76.130548,41.071418
-96.851095,40.736421
-93.232481,44.796088
-93.319416,44.987835
-91.205256,41.986412
-74.354729,45.139999
-65.271782,47.004723
-93.611122,42.036736
-96.063637,46.260416
-89.601042,42.262799
-92.474813,43.407663
-93.532303,43.366048
-81.861167,41.38697
-95.895231,41.177927
-94.875293,40.353719
-72.650965,42.31159
-75.22654,45.209555
-94.099806,41.228668
-72.620292,45.18798
-89.647004,43.114025
-88.908753,42.25804
-93.320952,43.63024
-73.224565,46.536121
-96.208718,46.688657
-83.005113,40.229
-96.770783,44.312745
-93.645167,43.221746
-71.03387,46.78407
-71.659962,45.482689
-79.769391,43.689494
-94.226287,42.413783
-88.860554,41.933523
-76.954015,40.18536
-75.054345,45.20003
-90.062422,42.240518
-88.555841,39.905878
-73.95711,40.793774
-92.709155,45.380608
-81.879974,43.244297
-80.582306,43.006042
-103.749224,44.352601
-82.652559,40.218452
-86.059057,41.643714
-90.363236,42.81377
-91.255654,43.977641
-66.928786,44.874733
-73.570525,44.572531
-92.779376,44.323021
-89.192297,43.247556
-91.948455,43.376172
-92.053414,43.163028
-91.427491,41.922742
-94.988453,42.257208
-73.006839,45.649647
-95.065133,41.909137
-89.322696,40.061702
-82.614031,41.418967
-73.673235,45.515268
-88.149851,44.328647
-92.849592,43.877313
-88.181889,42.940612
-89.462926,41.910908
-81.324796,43.121718
-88.961003,43.003972
-81.752214,43.311467
-88.984117,42.505542
-95.369939,39.850828
-93.520491,44.4895
-75.719973,45.400767
-91.59738,43.999592
-89.388978,40.70537
-96.679167,43.494128
-72.537555,46.471544
-62.649077,45.555094
-90.379223,38.625682
-92.401847,44.04582
-91.807023,43.382198
-73.051971,45.150032
-83.425584,41.317327
-88.73943,43.185285
-96.793496,43.576081
-93.883549,41.71043
-72.198905,44.80965
-65.471347,45.709536
-81.675168,40.785516
-76.68892,39.417712
-75.035608,40.301715
-87.819779,41.941685
-95.893352,39.911271
-88.685928,41.977264
-76.457784,42.472917
-88.154796,41.817714
-93.941611,44.171652
-90.371784,38.405334
-92.591613,44.55164
-77.35167,39.32583
-75.278343,42.970222
-84.875449,40.800334
-73.14259,44.500098
-71.299438,46.836209
-88.268551,44.914455
-79.222257,43.937595
-80.103247,44.470322
-97.01516,42.24136
-75.468682,40.854217
-72.496028,44.287072
-80.300788,42.831694
-63.138112,46.256143
-75.824823,45.344146
-84.994713,44.439144
-96.639835,41.057422
-73.195531,45.138057
-72.662285,46.395784
-72.512437,46.320028
-89.702127,41.177419
-94.877609,43.415167
-95.451381,41.123678
-94.572813,41.497433
-64.770192,46.14189
-96.547273,44.558312
-93.740838,45.853105
-70.833491,46.881376
-94.739964,41.249542
-97.233244,46.888734
-94.823615,43.84762
-92.456217,42.406419
-85.877007,41.996673
-64.986229,45.602513
-95.695418,45.644562
-74.18293,45.301721
-88.7834,40.641422
-82.578758,39.956372
-80.576912,43.179874
-64.91,46.81
-73.067284,44.826801
-73.597209,45.442528
-88.117092,42.466192
-93.816151,45.16785
-89.480942,43.119911
-73.838826,45.475298
-81.550258,42.553583
-75.626884,40.445513
-93.751372,41.770149
-94.008351,41.332438
-91.306619,43.846958
-90.690772,42.579291
-96.389985,42.469809
-84.767264,39.589419
-93.120591,41.656082
-75.469931,45.455359
-90.734703,41.311603
-90.667406,42.077537
-88.438342,43.01787
-88.382527,41.919737
-88.653075,43.572008
-90.63565,42.46143
-96.196259,42.734607
-88.06265,41.882206
-75.254112,40.68424
-92.101148,44.397792
-100.938605,47.129514
-79.8652,43.358923
-80.429337,43.273229
-88.481151,42.302487
-98.215916,44.292086
-77.927254,42.093224
-93.279182,44.012777
-73.27417,44.390655
-88.175168,40.09332
-79.150472,41.870944
-90.382427,42.32057
-96.079161,43.171739
-73.49497,44.887269
-93.13343,44.476078
-92.972023,44.974156
-94.325114,41.730474
-68.652947,44.903358
-76.643333,40.443333
-91.292938,46.622547
-80.346931,41.000607
-88.015617,43.066708
-84.290664,40.414759
-93.004049,44.739028
-64.622296,45.08738
-97.716203,44.169572
-80.814979,44.233027
-98.299228,45.698229
-96.430924,45.182246
-96.550963,45.835728
-89.03136,40.638498
-100.774303,46.816338
-98.163201,45.514563
-94.575058,45.617155
-87.873994,41.155993
-89.402907,42.45306
-91.852887,43.931485
-87.789698,42.148967
-73.485838,45.346413
-76.57408,42.512914
-72.254179,43.784827
-78.987012,44.212445
-88.049779,41.736498
-79.30579,42.913782
-89.006918,41.723174
-65.832169,45.533043
-88.01091,41.375143
-89.751914,44.362931
-76.424879,42.816173
-93.68443,45.004278
-86.72479,41.192951
-89.323294,42.360155
-96.329897,42.64628
-98.323442,43.412954
-74.478724,41.33142
-88.711455,42.077922
-71.990241,45.269134
-73.423155,45.432728
-73.441551,45.536035
-91.964413,44.152101
-93.117258,44.612552
-82.214408,42.414895
-81.271712,43.039336
-94.35669,45.474315
-72.781692,45.140965
-89.166238,43.151137
-82.662353,40.837833
-89.649559,41.827712
-73.934932,45.405371
-75.377159,40.744657
-82.876186,39.977522
-81.065828,43.135955
-78.99243,39.67396
-75.241562,45.443289
-81.534671,42.64368
-73.293731,44.770675
-72.117164,43.974669
-97.688263,46.447583
-89.362884,43.318655
-96.350656,42.004395
-87.774955,44.287483
-95.771385,42.983891
-88.733867,41.624902
-80.39845,43.64939
-72.697273,45.407287
-96.164315,43.074931
-71.217887,46.916025
-96.594959,43.575068
-95.339653,39.745037
-88.096849,41.298961
-70.969648,45.781816
-71.01153,44.236239
-81.208453,43.386377
-83.984466,40.482098
-66.821151,45.966699
-91.394473,43.339576
-71.164444,46.662018
-79.297753,43.675634
-89.702948,43.322444
-73.35688,44.87491
-68.802248,44.900685
-73.452912,44.699487
-88.682587,42.719955
-64.508163,46.231614
-89.492075,42.698219
-87.857205,41.832154
-77.896752,40.793534
-83.178315,41.101291
-89.012604,41.294708
-90.213936,44.666756
-85.381171,42.406577
-72.843025,44.980453
-72.335669,44.362024
-89.950128,42.322478
-87.996176,41.2012
-87.545148,44.30623
-72.446187,43.259599
-81.186844,43.871495
-76.96,44.24
-92.936508,43.681955
-73.356094,45.295967
-64.144823,46.180662
-75.759694,39.592917
-72.945786,44.40791
-98.4166,29.7873
-81.403,43.194
-80.885,43.614
-75.773,44.621
-64.618658,46.389265
-88.129792,42.618672
-87.933181,42.483597
-85.5803,41.6728
-75.6624,41.409
-98.158,38.8259
